3155,ILX
4067,MDX
2017,MDX Sport Hybrid
3025,NSX
1929,RDX
3243,RLX
1598,RLX Sport Hybrid
3380,TLX
2577,4C Spider
3115,Giulia
2843,Stelvio
1513,A3
754,A4
2355,A5
3412,A6
1428,A6 allroad
439,A7
137,Q3
1435,Q5
3961,Q7
2779,Q8
1523,R8
581,S4
3759,S8
3707,SQ5
741,TT
3400,2 Series
3133,3 Series
500,4 Series
4028,5 Series
2812,7 Series
2664,8 Series
1923,M2
3590,X1
2274,X2
3940,X3
2372,X3 M
634,X4
403,X5
2270,X6
3720,X7
3190,Z4
3449,Enclave
882,Encore
1197,Encore GX
2092,Envision
3799,Regal Sportback
15,Regal TourX
3076,CT4
3654,CT5
530,CT6
354,CT6-V
604,Escalade
30,Escalade ESV
1021,XT4
265,XT5
1256,XT6
4065,Blazer
2915,Bolt EV
2281,Camaro
1668,Colorado Crew Cab
3898,Colorado Extended Cab
3312,Corvette
3006,Equinox
2090,Express 2500 Cargo
3334,Express 3500 Cargo
1855,Impala
98,Malibu
1058,Silverado 1500 Crew Cab
454,Silverado 1500 Double Cab
1171,Silverado 1500 Regular Cab
2904,Silverado 2500 HD Crew Cab
1610,Silverado 2500 HD Double Cab
1962,Silverado 3500 HD Crew Cab
1500,Sonic
3650,Spark
1587,Suburban
235,Tahoe
2331,Traverse
2762,Trax
1075,300
214,Pacifica
3212,Pacifica Hybrid
1111,Voyager
29,Challenger
1188,Charger
1036,Durango
1616,Grand Caravan Passenger
2406,Journey
360,124 Spider
113,500L
582,500X
645,EcoSport
122,Edge
1506,Escape
1429,Expedition
3427,Expedition MAX
741,Explorer
1037,F150 Regular Cab
2725,F150 Super Cab
757,F150 SuperCrew Cab
595,F250 Super Duty Crew Cab
1491,F250 Super Duty Regular Cab
1033,F250 Super Duty Super Cab
2562,F350 Super Duty Crew Cab
2354,F350 Super Duty Super Cab
3585,F450 Super Duty Crew Cab
907,Fusion
2688,Fusion Plug-in Hybrid
908,Mustang
2161,Ranger SuperCab
3074,Ranger SuperCrew
1534,Transit 250 Cargo Van
2779,Transit 350 Passenger Van
697,Transit Connect Cargo Van
449,Transit Connect Passenger Wagon
334,Sprinter 1500 Cargo
961,Sprinter 1500 Passenger
3439,Sprinter 2500 Cargo
371,Sprinter 2500 Crew
2241,Sprinter 2500 Passenger
3637,Sprinter 3500 Cargo
460,Sprinter 3500 Crew
859,Sprinter 3500 XD Crew
969,Sprinter 3500XD Cargo
202,Sprinter 4500 Cargo
1788,Sprinter 4500 Crew
1488,G70
164,G80
949,G90
1757,Acadia
727,Canyon Crew Cab
257,Sierra 1500 Crew Cab
2636,Sierra 1500 Double Cab
2226,Sierra 1500 Regular Cab
561,Sierra 2500 HD Crew Cab
2151,Sierra 3500 HD Crew Cab
2636,Terrain
3054,Yukon
1808,Yukon XL
2199,Accord
1016,Accord Hybrid
2271,Civic
2596,Civic Type R
3535,Clarity Fuel Cell
1150,Clarity Plug-in Hybrid
3993,CR-V
2849,CR-V Hybrid
2080,Fit
1734,HR-V
3228,Insight
3194,Odyssey
352,Passport
2975,Pilot
2663,Ridgeline
703,Accent
2984,Elantra
1876,Elantra GT
401,Ioniq Electric
471,Ioniq Hybrid
631,Ioniq Plug-in Hybrid
1018,Kona
423,Kona Electric
572,NEXO
3358,Palisade
1439,Santa Fe
1135,Sonata
1575,Sonata Hybrid
2311,Tucson
2153,Veloster
1656,Venue
3808,Q50
4082,Q60
469,QX50
1367,QX60
2691,QX80
3636,E-PACE
2457,F-PACE
2655,F-TYPE
889,I-PACE
3240,XE
3638,XF
1304,Cherokee
2604,Compass
350,Gladiator
1163,Grand Cherokee
3784,Renegade
909,Wrangler
1314,Wrangler Unlimited
49,Cadenza
416,Forte
3919,K900
3962,Niro
3856,Niro EV
1849,Niro Plug-in Hybrid
3240,Optima
413,Optima Hybrid
708,Optima Plug-in Hybrid
1849,Rio
699,Sedona
2364,Sorento
3220,Soul
3199,Sportage
3488,Stinger
2440,Telluride
215,Defender 110
2884,Defender 90
881,Discovery
22,Discovery Sport
1674,Range Rover
3122,Range Rover Evoque
297,Range Rover Sport
3485,Range Rover Velar
241,ES
483,GS
4099,GX
940,IS
2900,LC
700,LS
506,LX
3454,NX
901,RC
3982,RX
3334,UX
467,Aviator
1446,Continental
2921,Corsair
4080,MKZ
946,Nautilus
917,Navigator
307,Navigator L
3767,CX-3
3364,CX-30
3579,CX-5
3804,CX-9
4037,MAZDA3
2906,MAZDA6
2838,MX-5 Miata
3883,MX-5 Miata RF
3991,A-Class
2910,C-Class
62,CLA
2414,CLS
2778,E-Class
2496,G-Class
616,GLA
559,GLB
1156,GLC
3442,GLE
1394,GLS
17,Mercedes-AMG A-Class
444,Mercedes-AMG C-Class
3703,Mercedes-AMG CLS
2247,Mercedes-AMG GLC
2509,Mercedes-AMG GLC Coupe
3354,Metris WORKER Cargo
3279,Metris WORKER Passenger
2040,S-Class
3266,SLC
1623,Sprinter 1500 Cargo
2493,Sprinter 1500 Passenger
2696,Sprinter 2500 Cargo
2836,Sprinter 2500 Crew
1001,Sprinter 2500 Passenger
2762,Sprinter 3500 Cargo
2788,Sprinter 3500 Crew
874,Sprinter 3500 XD Cargo
846,Sprinter 3500 XD Crew
2450,Sprinter 4500 Cargo
1471,Sprinter 4500 Crew
2197,Clubman
535,Countryman
1826,Hardtop 2 Door
2422,Hardtop 4 Door
1790,Eclipse Cross
633,Mirage
3603,Mirage G4
3065,Outlander
3857,Outlander PHEV
2436,Outlander Sport
624,370Z
3801,Altima
1922,Armada
1498,Frontier Crew Cab
1367,Frontier King Cab
1598,GT-R
3517,Kicks
1598,LEAF
1990,Maxima
2458,Murano
1208,NV1500 Cargo
2158,NV200
3595,NV2500 HD Cargo
1175,NV3500 HD Cargo
4064,NV3500 HD Passenger
2679,Pathfinder
17,Rogue
3417,Rogue Sport
506,Sentra
2323,Titan Crew Cab
832,Titan King Cab
1801,TITAN XD Crew Cab
1738,Versa
2989,718 Boxster
637,718 Cayman
1270,718 Spyder
459,911
3153,Cayenne
1942,Cayenne Coupe
393,Macan
1685,Panamera
2573,Taycan
3993,1500 Classic Crew Cab
2723,1500 Classic Quad Cab
2909,1500 Crew Cab
3895,1500 Quad Cab
277,2500 Crew Cab
3089,3500 Crew Cab
2753,ProMaster Cargo Van
3497,ProMaster City
2388,Ascent
3502,BRZ
296,Crosstrek
3170,Forester
891,Impreza
568,Legacy
3695,Outback
1643,WRX
3000,Model 3
3916,Model S
2012,Model X
1411,Model Y
1341,4Runner
3260,86
3654,Avalon
588,Avalon Hybrid
1197,Camry
3425,Camry Hybrid
3174,C-HR
3254,Corolla
1260,Corolla Hatchback
3713,Corolla Hybrid
1502,GR Supra
432,Highlander
3707,Highlander Hybrid
574,Land Cruiser
1940,Mirai
3069,Prius
2258,Prius Prime
2188,RAV4
1738,RAV4 Hybrid
2029,Sequoia
848,Sienna
3072,Tacoma Access Cab
290,Tacoma Double Cab
636,Tundra CrewMax
3549,Tundra Double Cab
3984,Yaris
1155,Yaris Hatchback
837,Arteon
2665,Atlas
2876,Atlas Cross Sport
3449,Golf
1949,Golf GTI
3968,Jetta
2399,Jetta GLI
3350,Passat
4095,Tiguan
3302,S60
336,S90
1551,V60
2113,V90
524,XC40
2842,XC60
3680,XC90
