1544,FRANKLIN ST
1303,8TH ST
3289,WOODMINSTER LN
3274,CANON AV
630,PARK BL
2265,15TH AV
3037,DAKOTA ST
2588,NICOL AV
1304,WEBSTER ST
4829,ADELINE ST
4308,BROADWAY
872,KELTON CT
2022,FOOTHILL BL
4942,GARDEN ST
2170,11TH AV
460,GRAND AV
445,PERKINS ST
2586,KEMPTON AV
1300,66TH ST
2691,65TH ST
4531,62ND ST
110,SAN PABLO AV
4843,LEONA ST
4153,MOUNTAIN BL
2498,LACEY AV
4229,CALDECOTT LN
4324,S VASCO RD
3504,PRESTON AV
1117,INDUSTRIAL WY
3364,LEISURE ST
4545,PULLMAN ST
336,COLLEGE AV
2801,S LIVERMORE AV
3105,SIXTH ST
3337,MCLEOD ST
70,LAS POSITAS RD
2912,N VASCO RD
2701,FENNEL WY
4506,NORMA WY
3886,EAST AV
1891,CATALINA DR
3356,FOURTH ST
3336,CONCANNON BL
3966,DOLORES ST
1596,N M ST
4142,CHESTNUT ST
3924,BOEING CT
4182,BLUEBELL DR
2577,FIRST ST
1605,CATALINA CT
3507,CORDOBA ST
4287,CAPELLA LN
3830,TOBAGO LN
3480,BRIGHTON CT
4523,SHEFFIELD RD
2488,OLD ALAMEDA POINT
994,SILVA LN
703,NORMAN LN
4808,MELROSE AV
2891,CAMELLIA DR
4705,GARDENIA TE
3899,DAHLIA DR
1610,BEGONIA DR
4961,EGRET CT
800,COUNTRY ISLE
861,AMBER ISLE
4196,HIBBARD ST
4339,MAPLE WY
4326,SANDERLING CT
2755,PARK ST
2000,CORPUS CHRISTI RD
2939,TERN LN
3965,GRESHAM DR
4997,WALNUT ST
430,TAYLOR AV
2830,SANTA CLARA AV
985,ORION ST
3151,PACIFIC AV
397,MONARCH ST
2732,HATFIELD LN
2183,OCEANA ST
2687,CORAL SEA ST
480,LINCOLN AV
1737,OAK ST
1672,BAY ST
1524,CROWN DR
460,CENTRAL AV
1301,MARTIRAE CT
2271,ST CHARLES ST
2618,BALLENA BL
4068,GLENVIEW ST
1570,MARINA DR
582,BLANDING AV
2191,GIBBONS DR
1568,VERDI ST
3264,9TH ST
2216,HAIGHT AV
11,NASON ST
2288,CHAPIN ST
4682,LIBERTY AV
1490,FERNSIDE BL
3345,CAROLINE ST
368,EASTSHORE DR
134,THOMPSON AV
4382,FAIRVIEW AV
2790,BEACH RD
2093,GARDEN RD
1213,MAITLAND DR
4812,ISLAND DR
3547,SAND HARBOR RD
635,CENTRE CT
3207,BISMARCK LN
2593,COOK LN
4872,FIR PL
250,FIJI LN
3578,CALLE DE PRADO
1021,LA CRESTA
3787,FLORA VISTA
334,DUTTON AV
1191,14TH ST
1955,BEGIER AV
2141,DAVIS ST
4533,WAYNE AV
4718,AILEEN ST
3871,DOOLITTLE DR
1117,PEARSON AV
3299,DOUGLAS DR
1233,DOUGLAS CT
479,PREDA ST
2225,LUCILLE ST
3957,DABNER ST
3424,MARINA BL
2791,REPUBLIC AV
4466,VERNA CT
2608,TEAGARDEN ST
893,AVENUE 140TH
3425,WICKS BL
4483,FARALLON DR
1976,WILLIAMS ST
1623,TIMOTHY DR
3613,LEONARD DR
3600,VESTAL CT
2204,MARYBELLE AV
17,CHARLOTTE AV
3257,WALLACE AV
3122,MARTIN BL
3708,BEECHER ST
332,TUDOR RD
292,TIFFANY RD
705,CASCADE RD
852,WARDEN AV
538,BILLINGS BL
1782,VIRGINIA ST
853,DONOVAN DR
731,MARIA DR
4555,CHARLES RD
4719,FREDERICK RD
2334,HUTCHINGS DR
709,TWAINE CI
2243,MELCHER ST
1390,WRIN AV
813,ODONNELL AV
1892,SYBIL AV
955,HEATHROW PL
2828,WIMBLEDON PL
2757,ESTABROOK CI
4605,BELVEDERE AV
2197,NORTH BL
2788,LUCIA CT
4068,CASTRO ST
593,VALLEY ST
3526,GILMORE DR
4159,KELLY AV
3556,NEPTUNE DR
1546,MULFORD POINT DR
987,BARROW ST
3631,ALVARADO ST
4967,CATALINA ST
3349,SAUVIGNON CT
1978,AVALON HEIGHTS TE
2606,SEVILLE PL
664,LA JOLLA CT
3688,BELMONT TE
2985,STEVENSON PL
332,CARMELITA PL
2707,SAN CARLOS CT
4825,MISSION BL
1684,SAN SEBASTIAN PL
1007,SEVILLE CT
2049,HACIENDA CT
2966,EL DORADO CM
682,SAN CARLOS PL
2080,LUCINDA CT
1610,CALIENTE WY
1490,VALERO DR
3193,SANTA TERESA CM
64,SAN MORENO CT
2940,ABACA WY
625,LAS PALMAS AV
4762,DALGO RD
4964,SAN SIMEON CT
4913,CATALINA PL
1245,E LAS PALMAS CT
2739,DURILLO CT
1047,GOMES RD
1277,ROSADO RD
1126,ENCANTO WY
1673,SUENO WY
1881,RONALD CT
1020,INGERSOLL PL
2431,WOLCOTT DR
1387,UNION ST
449,FREMONT BL
3347,TRIMBOLI WY
4209,ADAMS AV
4478,ROBERTS AV
1851,CAROL AV
3547,SCAMMAN CT
1618,HOOPER ST
4480,HIGH ST
4198,INGERSOLL TE
1943,HAVEN AV
3296,LINSAY CT
3901,WASHINGTON BL
3650,LENELLE CT
4618,LINCOLN ST
4845,LINCOLN CT
1174,KAY CT
1044,JAMES AV
3783,WENDELL CT
3866,PAPAZIAN WY
1683,KVISTAD DR
4490,NEAL TE
4302,IRVINGTON AV
629,NAVAJO WY
1639,HAVASU ST
1512,TOPAWA DR
2840,ACTION CT
1205,HOPI DR
1650,WICHITAW DR
3239,CHOCTAW DR
1590,HOYT ST
1170,MCDUFF AV
2157,LEIGH ST
785,YUCATAN DR
515,LIPPERT AV
429,FERNALD CT
1063,MERRILL AV
780,MORENGO WY
4255,FORTNER ST
3749,STOCKER CT
2804,FUSTERIA CT
3879,MASTERS CT
4704,WARM SPRINGS BL
1453,MARDIS ST
3264,CHOLLA ST
1587,PAPAGO ST
1699,LEONTINE CT
4860,FERNALD ST
1142,MERLIN CT
2869,COVINA WY
4000,MANTIS ST
4206,GABLE DR
2546,SHATO PL
1155,ACOMA WY
1543,PIMA ST
3439,WABANA ST
3748,TOWHEE ST
4238,SHARD CT
4882,NODAWAY AV
4568,ZUNIC DR
4074,MAYTEN WY
1269,MERCURY ST
1677,SHAWNEE PL
4295,PURPLELEAF ST
4580,STARLITE WY
4327,VESPER AV
178,COTTONWOOD ST
4829,BAYBERRY CM
1603,CAMPHOR AV
2275,GOLDENRAIN AV
3663,WABANA CM
1219,GABLE CM
2397,STARLITE CT
1886,PRIMROSE CT
2218,CRAYCROFT DR
4715,HACKBERRY ST
170,CONIFER ST
4220,SAWLEAF ST
2208,URSA DR
2193,PLOMOSA CT
91,BRADLEY CT
4327,CRAWFORD ST
1744,BRADLEY ST
1428,JUPITER CT
3992,GLASCOCK ST
1223,MACARTHUR BL
1890,SHAW ST
562,STATEN AV
4476,42ND ST
2270,ORANGE ST
2285,VERNON ST
2727,MONTECITO AV
1821,57TH AV
3057,55TH AV
2613,82ND AV
749,81ST AV
3465,VIEW PL
3146,BAKER ST
1788,63RD ST
4344,54TH ST
3226,APGAR ST
3393,BOYD AV
4744,LAWTON AV
535,MILES AV
662,LAKESHORE AV
4529,MIRA VISTA AV
1590,WARWICK AV
4316,WHITMORE ST
1622,39TH AV
1296,WICKSON AV
1486,NORWOOD AV
4947,BODEN WY
3488,E 28TH ST
2453,88TH AV
1679,MARLOW DR
4350,52ND ST
3683,40TH ST
4271,57TH ST
2402,STOW AV
1602,HANOVER AV
3219,HADDON RD
4723,65TH AV
3317,RILEA WY
569,LEE ST
3555,COOLIDGE AV
3483,REDDING ST
4849,MAYBELLE AV
2795,ADAMS ST
4119,TELEGRAPH AV
4836,CANYON OAKS DR
111,B ST
4840,109TH AV
3753,E ST
4720,105TH AV
3752,OLIVE ST
3784,83RD AV
1559,37TH ST
4528,WARREN AV
3118,143RD AV
4879,E 14TH ST
568,55TH ST
1016,53RD ST
637,HANNAH ST
1606,LOUISE ST
867,WEST ST
4405,56TH ST
4393,MARKET ST
2597,BRIDGE AV
3309,COURTLAND AV
1410,ROSEDALE AV
669,SAN JUAN ST
2797,41ST AV
2023,E 10TH ST
4823,MITCHELL ST
4888,VERDEMAR DR
1769,FONTANA DR
529,RATTO RD
1891,LEONARD CT
3330,IRONWOOD RD
4628,JERVIS BAY
1771,CHANNING WY
4599,CAPTAINS DR
2269,CHILMARK LN
2807,CAPETOWN DR
1388,BRIDGE VIEW ISLE
4249,WASHINGTON CT
113,SAN JOSE AV
312,POST ST
4221,WASHINGTON ST
1943,MADISON ST
4087,VERSAILLES AV
1895,ENCINAL AV
220,PEASE CT
379,PEARL ST
4040,EDISON CT
2119,SOUTHWOOD DR
3768,REGENT ST
4833,WEBB AV
4600,EVERETT ST
4150,EAGLE AV
4582,SABLE POINTE
1629,MOSS PT
362,INVERNESS WY
2654,STANBRIDGE CT
3786,WEYMOUTH CT
2141,BRIGHTON RD
4836,SEAVIEW PW
2615,HARBOR RD
2681,SHERWOOD LN
1580,PARODI CT
716,BRITT CT
187,MCDONNELL RD
2332,BREHAUT CT
2052,SHANNON CI
4886,KILKENNY PL
2159,BALLEY BAY
2483,MONTEGO BAY
1654,SMITH CT
3974,ANDERSON RD
675,HAYS CT
704,MCMURTY CT
3911,TIPPERARY LN
4820,VISTA RD
437,JUSTIN CI
433,KARA RD
3571,BAYVIEW DR
1911,CLAY ST
2666,DORIS CT
2921,PARK AV
198,CLINTON AV
2882,SAN ANTONIO AV
4835,STANFORD ST
2817,CLEMENT AV
2366,SCHILLER ST
3072,ARLINGTON ISLE
1270,OTIS DR
2643,WILLOW ST
1026,YORKSHIRE PL
3457,KITTYHAWK RD
3457,GRAND ST
3546,LAFAYETTE ST
2209,ALMOND AV
2725,WOLCOTT PL
4011,HANCOCK PL
718,MEEKS TE
4922,NOLAN TE
1887,VOGEL CT
4279,EUGENE ST
4287,CLYMER LN
1524,LESLIE ST
3523,CADMAN RD
1604,CLOUGH AV
2333,CITRUS DR
3229,STOCKTON WY
4522,MAX DR
2087,CHAPEL WY
206,SHAW CT
1058,SPADY ST
185,ROCKETT DR
2388,URBAN ST
2554,DETJEN ST
856,BARBARA ST
3841,STRATFORD AV
1471,HEDGEWICK AV
2034,MARCIA ST
2259,IVES CT
4774,BLANCHARD ST
2488,FOSTER ST
28,PENN LN
2566,BAYLIS ST
1968,COSMIC PL
267,SAINT LEONARDS WY
3307,MISSION VIEW DR
834,COSMIC CT
2600,KELLY ST
2754,COSMIC WY
1646,MUELLER CT
4741,DEODARA ST
2527,MICHELLE ST
3501,PASEO PADRE PW
3979,MARGERY DR
2781,PORTER ST
2668,STEVENSON BL
1315,CLIFTON CT
2516,GRIMMER BL
1330,BLACOW RD
3018,LITTLE CT
3539,WINDSOR CT
613,SCHOOL CT
4055,BLEWETT ST
1153,CAMERO WY
2336,DURILLO DR
2343,CORRIEA WY
3309,CORRIEA CT
1622,DRISCOLL RD
400,HELADO RD
4601,JOYCE AV
3454,NUNES CT
3937,RIOJA CT
571,KALENDA CM
2532,TERRY TE
1334,AMBAR PL
907,LEMOS LN
3706,LAGUNA PL
4868,SUFFOLK DR
2741,BRISTOL BL
981,PONTIAC ST
965,BROADMOOR BL
373,LEXINGTON AV
4478,FARRELLY DR
1859,CHERRYWOOD AV
3055,STOAKES AV
3280,LAFAYETTE AV
2240,BELLEVIEW DR
391,SUNNYSIDE DR
1674,EUCLID AV
3765,GEORGIA WY
2651,GARCIA AV
1599,CAMBRIDGE AV
3009,DURANT AV
934,PERSHING DR
2160,DORCHESTER AV
259,BANCROFT AV
3812,VICTORIA CT
1477,BEVERLY AV
303,MCCORMICK ST
1943,WHITNEY ST
2267,AMBER CT
465,BIGGE ST
1338,OAKES BL
2049,KAROL WY
3155,CHUMALIA ST
636,HYDE ST
1130,HARRISON ST
3037,JOAQUIN AV
4995,JUANA AV
1023,MAUD AV
1278,DOLORES AV
721,ESTUDILLO AV
2103,SAN JOSE ST
3555,CHETLAND RD
2970,MERLE CT
1784,HELEN AV
3477,ALICE AV
2716,VICTORIA AV
1898,HOLLISTER CT
680,CAMELLIA CT
1309,MAGNOLIA LN
802,ORCHARD AV
4933,WASHINGTON AV
1073,PARROTT ST
4530,BLACK PINE DR
3262,REYNOLDS ST
3292,STAR PINE WY
3563,WHITE FIR DR
1596,WOODLAND AV
1248,ARBOR DR
3016,DOWLING BL
2971,KENILWORTH AV
809,REVA AV
2943,HERMA CT
1562,ESTABROOK ST
1712,HARLAN ST
3331,THORNTON ST
2158,KANSAS WY
4369,ARCADIAN ST
1978,CRAWFORD CT
161,OSGOOD RD
3442,NIGHT SHADE LN
1754,SAMMIE AV
1916,INDIAN HILL PL
4957,CHEROKEE LN
2192,CHEYENNE PL
4447,WINDING LN
2724,LONSDALE AV
1857,IVY WY
2726,ROSEMARY CT
2922,ARAPAHO PL
3247,POMACE ST
4728,PARKMEADOW DR
184,SHADDY TE
3090,CLEMATIS CT
4682,LOWER VINTNERS CI
4196,MESQUITE CT
2892,SPARROW DR
1143,CACTUS ST
1964,CHEYENNE CT
791,CAYUGA CT
1446,MIWOK CT
2171,CAYUGA PL
3117,APACHE CT
1706,CLARET CT
461,WEIBEL DR
3578,KIOWA CT
1418,POMO CT
1809,TRAMINER CT
4724,GEYSER CT
3381,KLAMATH PL
343,CURTNER RD
2236,TUSCANY CT
1415,UPPER VINTNERS CI
1685,CHAVEL CT
4588,STANFORD AV
360,KLAMATH ST
1074,OTTAWA WY
3050,MARY BETH CT
4743,WOODED HILLS CT
617,WINDMILL DR
1412,ARGONAUT WY
4874,ALBRAE ST
104,RED HAWK TE
4606,AUTO MALL PW
4905,CHRISTY ST
831,TECHNOLOGY DR
1078,LAKEVIEW BL
1713,GALLAUDET DR
281,BUSINESS CENTER DR
2347,CALAVERAS AV
4284,MAYFAIR PARK AV
1988,MAYFAIR PARK TE
2022,BOYCE RD
2477,SUNDALE DR
3931,MOWRY AV
3326,DYER LN
1706,CUSHING PW
534,MILTON TE
1811,DECOTO RD
4481,AMIENS CT
2334,COUNTRY DR
2938,I ST
2314,PICKERING AV
2299,PARKSIDE DR
1063,KATO RD
149,NILES BL
3280,GLENMOOR DR
4134,THORNTON AV
2466,SAN PEDRO DR
4952,LINDA DR
4761,IRON HORSE LN
3549,SANDALWOOD CT
3974,HANSEN AV
3811,MATTOS DR
1203,EGGERS DR
656,HARRIS PL
2103,BARRINGTON TE
957,CHAPLIN DR
2454,HASTINGS ST
1054,LORREN DR
72,HERITAGE CM
4886,RAINDANCE RD
526,FULTON PL
2143,CORPORATE WY
4334,40TH AV
4915,INTERNATIONAL BL
1549,33RD AV
2231,YGNACIO AV
369,29TH AV
448,FORD ST
4309,LESSER ST
4679,VICKSBURG AV
306,37TH AV
178,42ND AV
2005,38TH AV
777,E 18TH ST
998,ELLEN ST
4889,45TH AV
759,RUTH AV
2833,CHAPMAN ST
249,LYON AV
4365,BAXTER ST
2714,FIELDBROOK RD
1221,GERANIUM PL
3875,PATTERSON AV
3283,STAUFFER CT
2205,BROOKPARK RD
1103,SKYLINE BL
901,MCDONELL AV
1754,OBSERVATORY AV
698,SLOPE CREST DR
4255,DAVENPORT AV
3842,PAMPAS AV
985,KNOLL RIDGE WY
3586,MASON ST
4218,BANTRY AV
3342,KINGSLEY CI
3029,HILTON ST
2554,MCINTYRE ST
690,HILLMONT DR
1142,61ST AV
1656,SCOTIA AV
1666,BURR ST
4795,GOLF LINKS RD
3233,DELMONT AV
2203,CRYSTAL RIDGE CT
1693,IRIS ST
3287,NEY AV
207,AUSEON AV
3475,MIRASOL AV
604,ELMVIEW DR
4724,92ND AV
3803,SUNNYSIDE ST
3036,SIESTA LN
1685,96TH AV
591,94TH AV
858,103RD AV
2176,108TH AV
1697,CLARA ST
3214,PRINCE ROYAL CT
4970,104TH AV
239,99TH AV
3458,98TH AV
4001,BIRCH ST
649,LONGFELLOW AV
1551,BYRON AV
3691,97TH AV
2490,DANTE AV
3229,C ST
3554,ELDRIDGE AV
3705,79TH AV
545,SEMINARY AV
2842,64TH AV
3868,CHURCH ST
255,58TH AV
2607,68TH AV
1929,87TH AV
2919,OAKPORT ST
382,67TH AV
3416,HAVENSCOURT BL
1781,60TH AV
456,89TH AV
1343,62ND AV
2730,FLORA ST
4721,E 16TH ST
1633,74TH AV
5,73RD AV
82,71ST AV
1614,ALDER ST
2047,85TH AV
4073,76TH AV
194,CENTER ST
3724,12TH ST
65,MYRTLE ST
1484,CAMPBELL ST
200,PERALTA ST
2694,DOVER ST
2778,CLARKE ST
2932,RUBY ST
1027,38TH ST
3854,SHAFTER AV
4196,EMERALD ST
2831,VIRMAR AV
2553,KEITH AV
4170,MANCHESTER DR
1150,PANORAMIC WY
895,HELEN CT
4112,HERZOG ST
1427,32ND ST
1188,61ST ST
845,OCCIDENTAL ST
4634,60TH ST
4824,36TH AV
1684,AGUA VISTA ST
4948,AQUA VISTA ST
1346,34TH AV
4301,E 24TH ST
160,24TH AV
1556,SUNSET AV
266,GRANDE VISTA AV
3603,HUMBOLDT AV
863,35TH AV
1022,GALINDO ST
192,NEVIL ST
4635,E 23RD ST
1626,E 20TH ST
1600,E 19TH ST
4065,E 17TH ST
629,16TH AV
2913,21ST AV
4131,E 11TH ST
2863,EMBARCADERO
2939,13TH AV
1144,12TH AV
4045,E 21ST ST
4900,BALMORAL DR
2876,CRESTMONT DR
3223,CHADBOURNE WY
4541,LA PRENDA DR
1307,PIPPIN ST
2168,APRICOT ST
2759,BLENHEIM ST
3714,CORAL RD
3514,TUNIS RD
1892,CASWELL AV
3657,CHERRY ST
715,ACALANES DR
1525,GIBRALTAR RD
3055,ALMANZA DR
2224,KOFORD RD
2547,HOLWAY CT
2200,MCKILLOP RD
198,MIDVALE AV
1728,SCHOOL ST
3092,FRUITVALE AV
3081,SUTER ST
4059,SCHYLER ST
3570,20TH ST
899,JACKSON ST
916,17TH ST
906,ALICE ST
469,15TH ST
3648,PINE ST
1482,MAGNOLIA ST
2133,7TH ST
2881,7TH AV
1987,MEAD AV
2585,WOOD ST
2626,10TH ST
3820,LONGRIDGE RD
1244,SUNNYHILLS RD
2985,ROSEMOUNT RD
4180,58TH ST
319,AYALA AV
4976,HERMANN ST
2056,MARTIN ST
2460,44TH ST
1072,43RD ST
717,LATIMER PL
468,W MACARTHUR BL
3644,CHARING CROSS RD
4956,SCHOONER HILL
3192,SPYGLASS HILL
2150,HILLER DR
2086,N HILL CT
1484,BINNACLE HILL
911,FOREST ST
4896,ACACIA AV
4679,OCEAN VIEW DR
1626,LIGGETT DR
4444,WESTALL AV
1678,KEMPTON WY
4243,SCARBOROUGH DR
3924,FAIRLANE DR
1836,HEATHER RIDGE WY
225,FARALLON WY
2048,PINEHAVEN RD
2181,ELVERTON DR
2184,BROADWAY TE
3351,GASPAR DR
860,VALLEY VIEW RD
2237,CAPRICORN AV
356,WESTWOOD WY
408,SHELTERWOOD DR
3987,WESTOVER DR
4925,AZTEC WY
1798,ASILOMAR DR
1880,MAGELLAN DR
3741,JOHNSTON DR
1928,BULLARD DR
4740,HOWE ST
2006,BRUNS CT
4975,LUCAS AV
712,MONTE CRESTA AV
2367,WOOD DR
4125,ARKANSAS PL
1814,WOODVIEW TE
4472,KATO TE
1729,REGAN WY
1154,BRYANT ST
4554,TOTEM CT
1789,OCASO CAMINO
2451,JANICE ST
1505,KINGSLEY CM
1096,IVALDI CT
4049,CASTRO LN
4925,CANYON HEIGHTS DR
1658,STONE PINE TE
1794,GATEWAY BL
1662,LANGDON CM
393,FITZSIMMONS CM
3799,GILMAN CM
2593,RED OAK CM
1195,MADISON CM
3859,DAYTON CM
385,SOLAR WY
2082,S GRIMMER BL
543,GRIMMER TE
306,ASHWOOD CM
1402,DOANE ST
697,YALE WY
2376,LANDING PW
2992,ENTERPRISE ST
120,MARBELLA TERRAZA
812,AVILA TERRAZA
441,BEETHOVEN CM
566,GERSHWIN TE
2572,CIVIC CENTER DR
3154,NORTHPORT LP W
3624,NORTHPORT LP E
1319,INDUSTRIAL PL
2939,BRANDIN CT
1085,PRUNE AV
741,DAVENPORT PL
567,ROUNDTREE CM
346,ARGYLE CT
3353,ARGYLE RD
4070,TROY AV
2778,WALLER AV
4640,VON EUW CM
4978,DUSTERBERRY WY
4963,FARWELL PL
3347,BONNER AV
2521,WESTMINSTER CI
3647,FANSHAWE ST
1743,ALDER AV
4409,SEQUOIA TE
3648,SECOND ST
1482,PECAN CT
1057,OSGOOD CT
3622,RUTHERFORD CT
1455,BODEGA CT
1334,FLAGSTAFF PL
1008,CHAMA WY
4016,JAVALINA RD
475,SOLSTICE CT
2476,WASHO CT
2192,ONONDAGA CT
4857,FLAGSTAFF RD
1056,TONOPAH DR
4233,ARMATA ST
1071,HACKAMORE LN
4835,PLOMOSA RD
2198,HOBART CT
402,TUOLUMNE DR
801,VINEYARD AV
938,CHENAB CT
4947,ONONDAGA DR
2141,DESCHUTES PL
4784,SUNDANCE DR
2484,TROUT CT
290,RATTAN CT
3504,WINDMILL CT
200,ZAPOTEC DR
1189,CARLSBAD RD
1100,SPOKANE CT
447,COCHISE CT
3438,JOSHUA PL
710,PALO AMARILLO DR
4497,PONTIAC WY
3605,ABUELO WY
2769,LOS PINOS PL
2300,OPTIMO AV
671,RAINWATER CT
2208,RABBIT CT
4527,HAMMOND AV
3027,WINDING VISTA CM
1797,SELDON CT
2897,ELLSWORTH ST
3124,BAUTISTA ST
1805,MONTCLAIRE TE
902,DANZON CT
4409,CADENCIA ST
3004,MEDICINE BOW CT
825,JACARANDA DR
700,ESPARITO AV
1986,BRYANT TE
3535,W HUNTER CT
4470,HOTCHKISS ST
1411,BROWN RD
4626,CAROL CM
3569,BUNCHE DR
2479,MILLENNIUM TE
2004,DELTA TE
1902,EAGLE GREEN
1907,SPINNAKER CT
4891,BENICIA ST
2528,AUBURN ST
4791,ALAMEDA AV
3510,BENTON ST
1646,FAIR OAKS AV
1035,SHERMAN ST
2194,BUENA VISTA AV
1931,ARBOR ST
1715,CORAL REEF RD
2404,HARBOR LIGHT RD
573,GARDEN WY
1561,HAWTHORNE ST
3449,WEBER ST
2338,TRIUMPH DR
3103,KINGSBURY CT
4307,REGULUS CT
549,COURAGEOUS CT
2669,INDEPENDENCE DR
3055,QUEENS RD
4965,COLA BALLENA
3465,LINDEN ST
356,CERRUTI CT
1266,BIRD CT
1523,COHEN CT
3026,ELLIS CT
725,TIDEWAY DR
3182,PORTA BALLENA
3036,CYPRESS ST
4018,3RD ST
1280,MARSHALL WY
2737,4TH ST
549,MONTEREY CI
2603,ANNAPOLIS CI
671,NIMITZ DR
2895,SEA HORSE DR
185,ROARK DR
2604,OHIO DR
3267,VENTURA AV
731,BUCHANAN ST
3913,TULARE AV
2889,SONOMA AV
3258,HILLSIDE AV
4435,MASONIC AV
4888,NEILSON ST
64,FRANCIS ST
614,PERALTA AV
102,CORNELL AV
3743,STANNAGE AV
1104,ORDWAY ST
1838,SANTA FE AV
2862,SOLANO AV
4730,POMONA AV
1560,CURTIS ST
3875,RAMONA AV
1843,KAINS AV
4201,CARMEL AV
3286,POSEN AV
4010,BEVERLY PL
4958,TEVLIN ST
3394,MARIN AV
1777,PIERCE ST
846,PORTLAND AV
2767,DARTMOUTH ST
4494,TALBOT AV
393,POLK ST
2433,KEY ROUTE BL
3002,BRIGHTON AV
292,CERRITO ST
459,SPOKANE AV
2108,GARFIELD AV
1588,SAN LEANDRO BL
2,PLEASANT WY
3772,ROSEWOOD CT
4069,BOWLING GREEN ST
1672,CECELIA CT
2502,IRIS CT
4895,GARDNER BL
4829,EVELETH AV
2976,NORTON ST
3462,GREENHOUSE MALL
1679,BOXWOOD AV
3259,FARGO AV
3048,LEWELLING BL
2628,MANOR BL
2405,CROSBY PL
4466,CROSBY ST
861,ACACIA ST
3486,EUCLID CT
906,MAPLE CT
4097,BREED AV
2395,CARPENTIER ST
2672,2ND AV
1552,PIEDMONT AV
4007,EVERGREEN AV
2402,OCEAN AV
870,MARSHALL ST
1196,59TH ST
839,ARLINGTON AV
646,VALLEJO ST
3765,36TH ST
2243,HAVEN ST
3239,FITZGERALD ST
1977,HELEN ST
3919,BROCKHURST ST
2258,FILBERT ST
4437,30TH ST
1762,E 12TH ST
1781,HARRINGTON AV
4388,FAIRFAX AV
2657,47TH AV
4937,FRANCES ST
263,E 7TH ST
46,ELMWOOD AV
1222,WENTWORTH AV
4662,53RD AV
4859,WADEAN PL
4116,HOLLAND ST
2773,MONTICELLO AV
447,MADERA AV
32,WYMAN ST
2792,CASTLEWOOD ST
3016,THERMAL ST
3470,HILLSIDE ST
4361,MURILLO AV
469,GREENLY DR
4386,EARL ST
4687,75TH AV
2883,SEQUOYAH RD
2648,66TH AV
4803,CREST AV
2173,RITCHIE ST
3016,80TH AV
59,ELMAR AV
4397,PLYMOUTH ST
2895,91ST AV
2171,93RD AV
2717,WARNER AV
171,102ND AV
1442,101ST AV
164,D ST
63,100TH AV
4913,106TH AV
3441,107TH AV
4945,MAKIN RD
3670,PEERLESS CT
968,WORTH ST
3915,EDES AV
3740,PHELPS ST
4722,CARY AV
225,DOUGLAS AV
4123,EMPIRE RD
632,KITTY LN
540,CATRON DR
4174,BERGEDO DR
4706,WELD ST
1746,63RD AV
4626,MARTIN LUTHER KING JR WY
2219,GOSS ST
4971,21ST ST
2540,CHESTER ST
3651,WARFIELD AV
984,WALKER AV
1937,YORK ST
4273,ROSAL AV
3096,CALMAR AV
1583,ERIE ST
4282,RAYMOND ST
1382,ALCATRAZ AV
1973,SHATTUCK AV
3685,VICENTE ST
291,CARBERRY AV
283,RICH ST
1155,MANILA AV
1546,ROCKRIDGE BL
2398,CHABOT RD
1982,CLAREMONT AV
4409,TAFT AV
1586,PROCTOR AV
3160,MARGARIDO DR
3679,CONTRA COSTA RD
4391,CROSS RD
4511,ROMANY RD
2258,PINEWOOD RD
3394,HOMEGLEN LN
3951,SOBRANTE RD
1998,MANZANITA DR
4334,MERRIEWOOD DR
2806,INDIAN WY
3116,OAKWOOD DR
2093,THORNHILL DR
968,BALBOA DR
3075,DRAKE DR
4896,LEO WY
3691,ASPINWALL RD
3225,FLORENCE TE
454,VISTA DEL MAR CT
1524,SNAKE RD
3962,PLEASANT VALLEY CT
2693,ESTATES DR
3507,KROHN LN
3110,JOHN ST
2879,MONTGOMERY ST
3856,GLEN AV
1738,WOOD CT
2881,CHELSEA DR
579,46TH ST
4071,HOLLIS ST
3444,GRANDE VISTA PL
3976,LYNDE ST
2121,LOGAN ST
4475,26TH AV
705,RENWICK ST
140,GORDON ST
84,MAXWELL AV
2544,COLE ST
2612,CLEVELAND ST
1624,HILLSBOROUGH ST
1522,BOOKER ST
4269,IVY DR
3217,ATHOL AV
3072,14TH AV
3596,19TH AV
2562,SEABRIDGE DR
3120,LAURELVIEW CT
91,TANAGER CM
3256,SUNWEST TE
4800,SORA TE
1649,GRACE TE
2651,MONTEVERDE TE
559,GLENBROOK TE
4837,SEA BREEZE CM
2400,THIRD ST
1562,BLACK MOUNTAIN CI
1316,RIDGEMONT TE
1400,ALTAMIRA TE
4849,KNOLLWOOD TE
1317,BUTTONWOOD TE
662,BAYWOOD TE
963,ASPENWOOD CM
3302,PINEWOOD TE
150,TULIP TE
4178,HONEYSUCKLE TE
1294,MISSION SIENA CI
2218,GUADALUPE TE
969,HIDDEN VALLEY
1600,CHARLITA CT
3862,YAKIMA DR
283,ENOS ST
1029,DAFFODIL TE
2355,VERANO TE
3478,PORTOFINO TE
4169,GIOVANNI TE
4443,UMBRIA TE
862,TAOS RD
56,CEREUS CT
2741,SEDUM RD
1870,FLAGSTAFF CT
2469,AMARILLO CT
763,WILANETA AV
2035,MEDICINE BOW WY
1046,CONCHO DR
3654,SIOUX CT
2669,SIOUX DR
4879,POTAWATAMI DR
1547,LITTLE FOOT DR
3905,BIG FOOT CT
7,BIG HORN CT
4157,PAIUTE CT
1631,BLACKFOOT DR
4914,CONCHO CT
2098,CREE RD
36,PAGOSA WY
2105,TOMAHAWK PL
4219,CRUCILLO CT
4336,TONALEA ST
2981,OCOTILLO CT
4262,YAMPA WY
1428,AMOROK WY
247,WASHO DR
2935,KOKOMA RD
4681,CROW CT
107,UTE CT
1941,PAGOSA CT
1291,RED OAK AV
325,MORTON ST
501,TILDEN WY
2759,PACIFIC MARINA
233,SALMON RD
84,SHEPARDSON LN
1722,PARFAIT LN
2605,MARINA VILLAGE PW
4570,BRIGGS AV
3393,KILKENNY CT
1649,BENVENUE AV
4999,DERBY ST
2697,HASKELL ST
1181,FRANCISCO ST
1113,HARMON ST
4061,SACRAMENTO ST
1638,SCENIC AV
2276,HAWTHORNE TE
1401,OXFORD ST
4328,ARCH ST
2909,HENRY ST
4348,CALIFORNIA ST
1804,KING ST
3564,FAIRVIEW ST
3793,WOOLSEY ST
1569,PRINCE ST
2932,HILLEGASS AV
1615,OREGON ST
3292,BLAKE ST
4966,CARLETON ST
3793,ASHBY AV
903,RUSSELL ST
2590,LEWISTON AV
4428,FLORENCE ST
3140,CARRISON ST
617,BURNETT ST
943,MATHEWS ST
4709,WALLACE ST
4859,STANTON ST
776,FOLGER AV
4879,GRAYSON ST
3083,SEVENTH ST
4563,HEINZ AV
275,STUART ST
2629,WIMBLEDON LN
4663,HEATHROW LN
4751,BLACKPOOL LN
3598,CORNWALL WY
3776,CROYDEN PL
1155,CLARIDGE PL
2138,CHESHIRE PL
1267,ELSIE AV
1242,HAYS ST
4546,SANTA ROSA ST
1749,HAAS AV
3938,RAMONA WY
4618,LEE AV
2298,GLEN DR
3537,ARROYO AV
4288,TOLER AV
1257,CALIFORNIA AV
3569,BEST AV
977,LORRAINE BL
1162,LEO AV
1114,MARTINEZ ST
2255,MINERVA ST
2194,TRINIDAD RD
903,SAMOA RD
3351,JAMAICA WY
1509,BODEGA WY
2004,FAIRWAY DR
1993,FIJI WY
2194,TAHITI RD
4891,SAUSALITO RD
4934,SANTIAGO RD
3567,TRANSOM WY
4828,AVENUE 133RD
1258,AVENUE 130TH
1609,MARINA CT
883,AURORA DR
1852,ACAPULCO RD
1447,DRIFTWOOD WY
2475,ACCOLADE DR
2890,20TH AV
3859,23RD AV
4130,18TH AV
4798,LOMA VISTA AV
4576,MAGEE AV
3400,SELKIRK ST
2191,TERRABELLA WY
443,SADDLE BROOK DR
298,ELINORA AV
1070,FERNHOFF CT
4029,REINHARDT DR
3077,QUIGLEY PL
4511,EASTMAN AV
1130,TULIP AV
93,BROOKDALE AV
2794,ALLENDALE AV
999,MAJESTIC AV
3259,ARCHMONT PL
160,EDENVALE PL
4355,SURREY LN
270,WINTHROPE ST
2613,HALLIDAY AV
1333,SENECA ST
4274,SHETLAND AV
3145,MONAN ST
3238,90TH AV
709,VISTA CT
57,PEACH ST
4822,95TH AV
4623,F ST
855,DATE ST
2368,GRAFFIAN ST
4641,CARY CT
3286,DARIEN AV
1170,MOORPARK ST
1552,SEXTUS RD
353,LOCKWOOD ST
2402,77TH AV
4616,HOLLY ST
2977,69TH AV
1500,SAN LEANDRO ST
3112,70TH AV
210,72ND AV
1162,84TH AV
692,INDEPENDENT RD
249,78TH AV
1465,MERRITT AV
3977,TREMONT ST
4120,LONGWALK DR
1376,SHEPHERD CANYON RD
3519,46TH AV
4507,BONA ST
988,E 29TH ST
1966,E 27TH ST
4718,25TH AV
4949,BLOSSOM ST
1375,E 22ND ST
2418,BARTLETT ST
4071,PRENTISS ST
2680,52ND AV
1674,50TH AV
2749,51ST AV
2882,6TH AV
2009,LESTER AV
1094,HIGHLAND AV
4454,10TH AV
3005,WAKEFIELD AV
3825,QUIGLEY ST
4728,STEELE ST
2907,CLAIREPOINTE WY
3333,ENOS AV
3131,FLEMING AV
4119,HANSOM DR
633,OAKDALE AV
4162,OUTLOOK AV
3896,SUNNYMERE AV
763,SHAY DR
3312,FIELD ST
1088,SUNKIST DR
1667,22ND ST
3749,18TH ST
1091,DUNCAN WY
4869,ARROWHEAD DR
2168,LODGE CT
1576,MARDEN LN
2529,HOMEWOOD DR
3201,IRWIN CT
1091,MACCALL ST
4049,OAK GROVE AV
2172,GOLDEN GATE AV
2531,BALSAM WY
1454,SWAINLAND RD
1085,GALINDO DR
1421,NAMPEYO ST
4284,RANCHO HIGUERA RD
3515,JAPALA PL
4126,KADI CT
9,KOOTENAI DR
3920,TUMBLEWEED CT
3601,PAWNEE PL
424,ROADRUNNER RD
282,PONCA CT
4855,MANDAN PL
704,NAKOMA CT
1858,JAPALA CT
92,SENTINEL DR
4941,HIAWATHA CT
2894,CHAPARRAL DR
3476,CHAPARRAL CT
1264,GILA CT
1536,NARAGANSETT CT
1617,GROSVENTRES CT
3988,TISSIACK CT
3125,OMEGA DR
4134,PARKMEADOW CT
3945,OASIS CT
1294,PRAIRIE DOG LN
4377,SCORPION PL
3681,PAWNEE DR
247,ONONDAGA PL
761,SENTINEL PL
742,GERONIMO CT
150,IMNAHA CT
232,OWHANEE CT
3729,HIDATSA CT
969,WARM SPRINGS CT
2036,RESEARCH AV
4858,PHOENIX CT
1471,BRIDGEPORT DR
4423,CRYSTALLINE DR
210,E WARREN AV
2671,TISSIACK WY
2890,SYLVANER WY
496,CABERNET WY
1985,COUGAR CI
896,MERLOT DR
10,BOSCELL RD
683,SYCAMORE ST
2369,BRIDGEPORT PL
3709,SODAVILLE DR
4084,SAN BENITO DR
2220,VENTURA DR
2076,BEAVER CT
1008,CHARDONNAY DR
3778,MISSION FALLS CT
4471,MISSION FALLS LN
4875,CHARDONNAY CT
82,PINOT BLANC WY
4767,VINEHILL CI
106,GAMAY CT
2548,CHENIN BLANC DR
2797,RIESLING ST
687,GAMAY DR
1519,BEAR CT
2967,NAPA CT
1751,WARD ST
930,GRANT ST
3821,MCGEE AV
1160,CLAREMONT BL
4842,AVALON AV
3591,OAK KNOLL TE
605,FULTON ST
2510,WALKER ST
3395,ACTON ST
1901,MABEL ST
4864,PARKER ST
3751,MILVIA ST
4859,DANA ST
139,WARRING ST
1041,DWIGHT WY
942,MOSSWOOD RD
1321,ARDEN RD
518,BOWDITCH ST
4745,HASTE ST
2812,BANCROFT WY
516,CEDAR ST
2668,BROWNING ST
486,MCKINLEY AV
787,JEFFERSON AV
1886,ADDISON ST
4206,ALLSTON WY
2709,HEARST AV
4971,DELAWARE ST
4910,UNIVERSITY AV
2640,ROOSEVELT AV
3578,HAROLD WY
874,KITTREDGE ST
4058,BERKELEY WY
1367,RAINEER CT
4100,ALDER CREEK CI
3771,CALLAN AV
567,FREMONT AV
2012,PELTON CENTER WY
1907,CARDEN ST
4342,BILTMORE ST
2907,SEAGATE DR
3965,OUTRIGGER DR
2408,SITKA ST
108,ARCTIC ST
4108,NOME ST
2610,FAIRBANKS ST
2769,139TH AV
4245,141ST AV
2992,CAPE COD DR
4534,UPTON AV
105,CENTRAL CT
3360,147TH AV
4549,SWEETWATER DR
620,CREEKSIDE DR
3549,SPRINGLAKE DR
459,WATERFALL WY
2274,ROSE DR
1292,148TH AV
320,138TH AV
2889,HESPERIAN BL
3345,MARGERY AV
4633,LILLIAN AV
4105,FJORD ST
3709,RIVERDALE ST
605,EBB TIDE ST
1415,LOCH LN
2588,POOLSIDE PL
3655,DILLO ST
738,HALCYON DR
2825,GRACE ST
728,CASTLE ST
2174,NARCISSUS CT
2001,BRADRICK DR
1962,ANZA WY
3903,MISSION WY
4962,MONTEREY BL
3226,CORBETT CT
3423,VIOLET ST
1247,VERA AV
2480,ORCHID DR
2105,ADASON DR
368,CROCUS DR
4556,DONALD AV
809,LARK ST
2668,150TH AV
3810,HALSEY AV
1529,146TH AV
38,FIGUEROA DR
2152,PORTOLA DR
3102,CARRILLO DR
1804,ARGUELLO DR
4849,DEL MAR CI
1545,DEL CAMPO CI
137,VIA JOSE
677,BOCKMAN RD
1449,159TH AV
1850,163RD AV
1963,164TH AV
2079,167TH AV
3254,168TH AV
2509,FAIRMONT DR
3153,RENAISSANCE LN
583,GREENBRIER CT
1734,JASMINE WY
3147,SUGAR MAPLE LN
3724,HEATHER GLENN LN
3606,CULVER PL
166,JACQUELINE PL
3642,GEORGE MARK WY
3019,WELLER RD
2912,OVERLAKE CT
1416,ABBOTT DR
1786,ECHO AV
3916,41ST ST
4153,HARBORD DR
181,CHELTON DR
4595,PELHAM PL
183,GRACE AV
2100,POWELL ST
4200,34TH ST
1539,33RD ST
3544,29TH ST
2771,BELLAIRE PL
774,BARRY PL
3399,17TH AV
3815,PARKER AV
1899,KRAUSE AV
486,ST ANDREWS RD
4144,FAIRWAY AV
897,PALM VILLA CT
4580,CASA CT
3977,STACY ST
2724,DUNKIRK AV
1464,COMMONWEALTH DR
2271,MALCOLM AV
967,ANAIR WY
4318,VOLTAIRE AV
1333,MADDUX DR
993,LYNDHURST ST
302,ASHTON AV
152,ORRAL ST
1770,EASTLAWN ST
3340,BRENTFORD ST
883,86TH AV
1784,27TH ST
2726,25TH ST
2851,23RD ST
1805,LAKESIDE DR
2046,ATHENS AV
4733,CHASE ST
2225,PORTAL AV
4067,LA SALLE AV
3554,VERMONT ST
3883,WELDON AV
4099,JAYNE AV
4156,UNDERHILLS RD
1635,HUBERT RD
1497,BATES RD
4737,EXCELSIOR AV
1033,ALMA PL
3515,KENWYN RD
4497,CAPELL ST
739,E 34TH ST
4412,OPAL ST
2417,CLIPPER HILL
3660,GLENWOOD GLADE
3387,EVIREL PL
222,ARMOUR DR
4611,KIMBERLEY CT
1099,BAGSHOTTE DR
689,MONTELL ST
834,RIO VISTA AV
3523,PRENTISS PL
1735,MILLER AV
1843,CROSBY AV
751,TRASK ST
3638,54TH AV
4885,E 15TH ST
1411,MAYBELLE WY
2922,PENNIMAN AV
2715,WESTFIELD WY
414,FERNHOFF RD
3118,RIDGEMONT DR
3210,CAMPUS DR
4750,STONERIDGE CT
2182,BUCK CT
3019,BOAR CI
504,TULARE DR
3115,LYNX DR
3003,LYNX CT
1658,MORNING VIEW TE
3997,CRESTVIEW CM
3792,SUMMIT VIEW TE
2614,GREEN VALLEY RD
4818,KERN LP
1144,SCOTT CREEK RD
1843,WHITETAIL CT
123,ELK CT
2851,PIEDMONT TE
1205,HIDDEN VALLEY TE
1191,WOODSIDE TE
3625,SANTA MONICA TE
2958,MONTE SERENO TE
207,SAINT FRANCIS TE
3902,YUROK CT
3728,GABRIELINO WY
1083,PALISADE TE
2496,RIESLING CT
3968,ANDORRA CT
2871,CARMELITA CT
1009,BAIRO CT
1747,SAN MORENO PL
831,DAVILA CT
456,DRISCOLL TE
1683,CAROL TE
3366,MAIN ST
4662,EIGHTH ST
744,PARNASSUS RD
3058,LA LOMA AV
3937,BUENA VISTA WY
387,LA VEREDA RD
3071,GREENWOOD COMMON
4836,GREENWOOD TE
3948,VINE LN
4809,ROSE ST
2989,LIBERTY ST
2722,MIRAMAR AV
59,PRESIDENT DR
1992,COBBLESTONE LN
2765,NILES CANYON RD
3751,PALOMARES RD
1455,SINGALONG WY
4573,CALAVERAS RD
2521,ROBIN ST
3736,KENTWOOD LN
3038,HULL CT
1422,CRUISER DR
1064,ATLANTUS AV
4956,ANCHORAGE DR
4471,STERN CT
4935,CRUISER CT
2951,FANTAIL CT
1279,CHERRYBROOKE CM
1253,LAGUNA HEIGHTS CT
889,BAYPORT CT
3668,WOODGATE DR
592,WOODGATE CT
1302,GRANT AV
4777,NIELSON AV
4371,HAROLD AV
2832,CALIENTE DR
3401,MAJESTIC WY
1655,STERLING DR
954,WEDGEWOOD ST
857,YORKSHIRE ST
3043,135TH AV
2056,HUDSON LN
1663,SAN RAFAEL ST
3981,SANTA MARIA ST
3383,136TH AV
207,145TH AV
3078,BANCROFT CT
4878,FARNSWORTH ST
1221,JUNIPER ST
685,KRAMER ST
789,LAGOON CT
4507,MANZANITA AV
1347,MARINER WY
1320,ABRAM CT
2241,ANTONIO ST
3067,COLLIER DR
1577,EDEN RD
4688,LAURA AV
1572,MOKELUMNE AV
821,EDGEMOOR PL
1850,SEMINARY CT
1716,ARTHUR ST
3735,OAK HILL RD
791,ROYAL ST
878,PEARMAIN ST
2115,GHORMLEY AV
158,STONEFORD AV
2151,NORGREN ST
3166,HILLGRADE CT
1355,56TH AV
598,HOLWAY ST
3425,HARMON AV
580,LOCUST ST
22,PARDEE DR
4001,MAPLE AV
3371,BERLIN WY
38,19TH ST
3175,13TH ST
4,JEFFERSON ST
868,MILTON ST
1124,RACINE ST
3972,ALPINE TE
3793,AGNES ST
2844,FLORENCE AV
1314,PINE NEEDLE DR
3319,AVOCA AV
2374,VILLANOVA LN
1832,WOODHAVEN WY
1496,TAURUS AV
2771,SALISBURY ST
2278,27TH AV
4499,31ST AV
1704,SAN CARLOS AV
4574,E 9TH ST
1601,MONTCLAIR AV
4741,VAN DYKE AV
965,22ND AV
3166,KIMBERLIN HEIGHTS DR
2162,BELL WAVER WY
1235,RISHELL DR
3688,REDWOOD RD
887,HUNTINGTON ST
3255,SADDLE BROOK CT
2381,EL MONTE AV
3913,DEERWOOD AV
653,ASTER AV
4278,VISTA ST
4015,WHITTLE AV
31,KITCHENER CT
3631,BURLINGTON ST
966,ALIDA ST
264,BEAUMONT AV
781,CHAMPION ST
4976,E 31ST ST
2450,SYLVAN AV
4336,E 32ND ST
1807,ARDLEY AV
1341,PALOMA AV
4989,MANDANA CI
3079,SANTA RAY AV
4293,ELWOOD AV
408,ASHMOUNT AV
1542,BALFOUR AV
3357,TRESTLE GLEN RD
4136,NORTHVALE RD
2770,CONDON ST
805,EATON CT
351,WILSON CM
2323,GRIFFITH AV
2669,WADSWORTH CT
1728,CANOGA ST
1468,DITMUS CT
570,STELLAR CT
1246,MARGERY CT
4604,CASCADO PL
608,CRUZ CT
4722,MARTY TE
250,PAJARO CT
658,PAJARO DR
1494,BRISCOE TE
3910,SHADOW BROOKE CM
1057,NICHOLSON ST
3500,BENEDICT CT
1991,DARIUS CT
1849,CLEARVIEW DR
4180,DARIUS WY
4980,DAILY DR
445,LAKEVIEW DR
1679,MONOGRAM ST
3382,MONTROSE DR
902,SCENICVIEW CT
4032,SCENICVIEW DR
1881,BERMUDA AV
1058,FLAGSHIP ST
756,GALLEON PL
2275,GRIFFITH ST
4492,PORTOFINO CI
4554,CARMEL WY
4039,RUTH CT
2925,COVE CT
3040,AVENUE 134TH
801,WELCH CREEK RD
1715,REED AV
644,WICKMAN PL
1244,W AVENUE 130TH
2814,BARROWS RD
1551,E 33RD ST
1104,BAY VIEW AV
4941,51ST ST
2628,50TH ST
2874,CORTEREAL AV
1963,THACKERAY DR
1356,CHATSWORTH CT
4416,MONTE VISTA AV
4826,BEACONSFIELD PL
1840,CASTLE PARK WY
1164,KINGSTON AV
2861,VILLANOVA DR
3139,FREMONT ST
739,DEERING ST
3907,PEROLY CT
126,MERA ST
2567,SPRUCE ST
2148,E 25TH ST
2825,8TH AV
761,4TH AV
4640,COMMERCE WY
1237,BLYTHEN WY
1189,STANTONVILLE CT
3081,GREGORY ST
4350,GREGORY PL
3862,SIMMONS ST
3193,CAMDEN ST
2612,RAWSON ST
4007,ELMHURST AV
138,CLARA CT
614,RUSSET ST
4408,BURLWOOD AV
3923,HALE AV
3359,NATTRESS WY
2163,CAIRO RD
3056,JONES AV
1081,HUNTER AV
2302,EL PASEO DR
1321,BERNHARDT DR
3874,NOVELDA DR
2110,OAK CREST DR
36,LEIMERT BL
3688,BYWOOD DR
3358,24TH ST
1635,16TH ST
519,POPLAR ST
2748,11TH ST
552,PROSPECT AV
4618,49TH ST
3839,48TH ST
1093,ANDOVER ST
4986,ELM ST
321,HAWTHORNE AV
3175,SARONI DR
498,COLTON BL
824,MORAGA AV
3739,ASCOT DR
1804,SOMERSET RD
4860,EXETER DR
1814,5TH AV
4008,LIBBY CT
3414,VICTOR AV
4803,KENTWOOD CT
2725,COACH DR
431,A ST
3882,CORNAC TE
3227,CHILTERN DR
2057,CAPA DR
4566,RAMON TE
522,VALDEZ WY
576,MARINO CT
4110,MINO WY
3019,ORO DR
3091,W AVENUE 133RD
4038,W AVENUE 135TH
239,CARLOS BEE BL
3826,TROPIC CT
2629,MARTELL AV
2270,COBURN CT
1936,W BROADMOOR BL
3735,LOUISIANA ST
957,HAYES ST
894,BLAINE ST
2749,HANLY RD
2136,BURDECK DR
1971,MAIDEN LN
3851,26TH ST
4201,5TH ST
2367,ASHMOUNT WY
4306,CROCKER AV
2438,HOLMAN RD
798,HILLGIRT CI
3086,39TH ST
589,GRANDVIEW DR
2610,BRISTOL DR
2689,DOROTHY PL
2528,VICENTE PL
4338,THE TURN
3513,OBSERVATION PL
1395,NORTHWOOD CT
2799,PASO ROBLES DR
3334,TERRACE ST
674,IDAHO ST
819,PAXTON AV
777,HUGHES AV
3876,9TH AV
2857,SHORT ST
1602,FAIR AV
1916,CHAMBERLIN CT
1733,CHAMBERLIN ST
3583,MORSE DR
2835,FONTAINE CT
3771,SAGE RD
1990,S ELMHURST AV
166,TYLER ST
345,OLMSTEAD ST
4584,RUDSDALE ST
4793,CUTHBERT AV
3382,ARKANSAS ST
3946,PLEITNER AV
1993,CAPP ST
64,HICKORY ST
3085,DELANO ST
3931,RIA DR
4669,MIRAMAR PL
744,CAROLYN ST
3429,LOMITA DR
1481,165TH AV
1208,MAUBERT AV
3215,MAUBERT CT
3950,166TH AV
1430,PROSPERITY WY
4253,BLANCO ST
1631,CARRIAGE LN
2777,MELODY WY
4794,ELGIN ST
4256,RUSSELL CT
622,HANNAH DR
337,EL BALCON AV
2535,PAGE ST
1039,VIA ALAMITOS
1177,TOLEDO ST
3055,SEVERN RD
1012,PICO PL
4234,EHLE ST
2773,CAMINO DOLORES
3935,170TH AV
2758,174TH AV
936,ROLANDO AV
2353,VIA PARO
3758,149TH AV
2594,SATURN DR
1986,MATEO ST
3906,MANCHESTER RD
3707,155TH AV
2803,151ST AV
4999,156TH AV
2337,SELBORNE DR
1031,GRAMERCY DR
2342,PLAZA DR
3100,WELLINGTON WY
3475,REGENT WY
3806,IRMA WY
3224,JOAN DR
1617,HOWE DR
1497,AURELIA WY
318,MIDLAND RD
3514,JOHN CT
1444,WAKE AV
234,BETTY AV
4359,DONNA ST
2120,WILEY ST
838,PURDUE ST
